When,VideoURL,Author,Topic,ContentType,ScreenerVerdict,ScreenerReasons,Swipe,WhyKind,WhyReason,Views,OutlierRatio
2026-08-08T14:06:28.349Z,https://www.tiktok.com/@learnwithmeera/video/7659396683121347854,learnwithmeera,time words tell you the tense,grammar,keep,,approve,,,884900,455.1
2026-08-08T14:06:28.349Z,https://www.tiktok.com/@learnwithmeera/video/7654076615965609230,learnwithmeera,past tense of irregular verbs,grammar,keep,,approve,,,567000,291.6
2026-08-08T14:06:28.349Z,https://www.tiktok.com/@learnwithmeera/video/7648868593857269006,learnwithmeera,currencies of different countries,vocabulary,keep,,approve,,,248200,127.6
2026-08-08T14:06:28.349Z,https://www.tiktok.com/@wordy.adri/video/7653996542667296022,wordy.adri,unclear English quiz,other,keep,,approve,,,188300,62.3
2026-08-08T14:06:28.349Z,https://www.tiktok.com/@learnwithmeera/video/7656642261425360141,learnwithmeera,animal idioms and their meanings,phrases,keep,,approve,,,94400,48.5
2026-08-08T14:06:28.349Z,https://www.tiktok.com/@learnwithmeera/video/7651440691024907533,learnwithmeera,would vs should vs could,grammar,keep,,approve,,,86500,44.5
2026-08-08T14:06:28.349Z,https://www.tiktok.com/@wordy.adri/video/7651245379375303959,wordy.adri,homonyms with two meanings,vocabulary,keep,,approve,,,133800,44.3
2026-08-08T14:06:28.349Z,https://www.tiktok.com/@learnwithmeera/video/7660511194855378190,learnwithmeera,lakh and crore versus million and billion,vocabulary,keep,,approve,,,76200,39.2
2026-08-08T14:06:28.349Z,https://www.tiktok.com/@wordy.adri/video/7655422062516817174,wordy.adri,"male, female and baby animal names",vocabulary,keep,,approve,,,104800,34.7
2026-08-08T14:06:28.349Z,https://www.tiktok.com/@learnwithmeera/video/7666454035251137805,learnwithmeera,everyday verbs in the past tense,grammar,keep,,approve,,,57700,29.7
2026-08-08T14:06:28.349Z,https://www.tiktok.com/@learnwithmeera/video/7663097533542960398,learnwithmeera,common grammar mistakes and fixes,grammar,keep,,approve,,,54200,27.9
2026-08-08T14:06:28.349Z,https://www.tiktok.com/@wordy.adri/video/7653330959311342870,wordy.adri,religions and their followers,vocabulary,keep,,approve,,,83200,27.5
2026-08-08T14:06:28.349Z,https://www.tiktok.com/@learnwithmeera/video/7626609648077966605,learnwithmeera,names for types of eaters,vocabulary,keep,,approve,,,48300,24.8
2026-08-08T14:06:28.349Z,https://www.tiktok.com/@learnwithmeera/video/7638839341757779213,learnwithmeera,texting abbreviations,slang,keep,,approve,,,47400,24.4
2026-08-08T14:06:28.349Z,https://www.tiktok.com/@learnwithmeera/video/7657026070935342350,learnwithmeera,common phrasal verbs and meanings,phrases,keep,,approve,,,42000,21.6
2026-08-08T14:06:28.349Z,https://www.tiktok.com/@wordy.adri/video/7656217029963287830,wordy.adri,colours and their shades,vocabulary,keep,,approve,,,58100,19.2
2026-08-08T14:06:28.349Z,https://www.tiktok.com/@wordy.adri/video/7652816829194292502,wordy.adri,human vs animal words,vocabulary,keep,,approve,,,55200,18.3
2026-08-08T14:06:28.349Z,https://www.tiktok.com/@learnwithmeera/video/7669427889154182414,learnwithmeera,berry names,vocabulary,keep,,approve,,,26000,13.4
2026-08-08T14:06:28.349Z,https://www.tiktok.com/@learnwithmeera/video/7665409187974745357,learnwithmeera,irregular plural forms,grammar,keep,,approve,,,24300,12.5
2026-08-08T14:06:28.349Z,https://www.tiktok.com/@learnwithmeera/video/7661987333339729166,learnwithmeera,confusing opposite word pairs,vocabulary,keep,,approve,,,22600,11.6
2026-08-08T14:06:28.349Z,https://www.tiktok.com/@learnwithmeera/video/7664965927812828430,learnwithmeera,irregular past tense verbs,grammar,keep,,approve,,,21600,11.1
2026-08-08T14:06:28.349Z,https://www.tiktok.com/@learnwithmeera/video/7653692173707267341,learnwithmeera,short replies instead of long sentences,phrases,keep,,approve,,,19800,10.2
2026-08-08T14:06:28.349Z,https://www.tiktok.com/@learnwithmeera/video/7670510221692898573,learnwithmeera,conversational phrase upgrades,phrases,keep,,approve,,,14400,7.4
2026-08-08T14:06:28.349Z,https://www.tiktok.com/@wordy.adri/video/7665773448924368150,wordy.adri,many vs much,grammar,keep,,approve,,,20000,6.6
2026-08-08T14:06:28.349Z,https://www.tiktok.com/@learnwithmeera/video/7668678967204891917,learnwithmeera,everyday slang swaps,slang,keep,,approve,,,11900,6.1
2026-08-08T14:06:28.349Z,https://www.tiktok.com/@wordy.adri/video/7655633939914067202,wordy.adri,near vs beside,grammar,keep,,approve,,,15600,5.2
2026-08-08T14:06:28.349Z,https://www.tiktok.com/@learnwithmeera/video/7669820915810684173,learnwithmeera,everyday phrasal verbs and their meanings,phrases,keep,,approve,,,8447,4.3
2026-08-08T14:06:28.349Z,https://www.tiktok.com/@wordy.adri/video/7653653159226723606,wordy.adri,present and past of irregular verbs,grammar,keep,,approve,,,12000,4
2026-08-08T14:06:28.349Z,https://www.tiktok.com/@learnwithmeera/video/7641425200092925198,learnwithmeera,"Mr, Mrs, Miss and Ms",vocabulary,keep,,approve,,,7179,3.7
2026-08-08T14:06:28.349Z,https://www.tiktok.com/@wordy.adri/video/7659840979309956374,wordy.adri,negative contractions,grammar,keep,,approve,,,10900,3.6
2026-08-08T14:06:28.349Z,https://www.tiktok.com/@wordy.adri/video/7668290923876355350,wordy.adri,broken vs chipped vs cracked,vocabulary,keep,,approve,,,8403,2.8
2026-08-08T14:06:28.349Z,https://www.tiktok.com/@wordy.adri/video/7653942114660666646,wordy.adri,types of shoes,vocabulary,keep,,approve,,,8445,2.8
2026-08-08T14:06:28.349Z,https://www.tiktok.com/@wordy.adri/video/7651558556755348758,wordy.adri,past verbs with an o pattern,grammar,keep,,approve,,,8411,2.8
2026-08-08T14:06:28.349Z,https://www.tiktok.com/@wordy.adri/video/7656910142222486806,wordy.adri,opposites for describing roads,vocabulary,keep,,approve,,,8072,2.7
2026-08-08T14:06:28.349Z,https://www.tiktok.com/@wordy.adri/video/7651901051976682754,wordy.adri,verbs for driving vehicles,vocabulary,keep,,approve,,,8076,2.7
2026-08-08T14:06:28.349Z,https://www.tiktok.com/@wordy.adri/video/7655036885844135190,wordy.adri,stronger words for basic verbs,vocabulary,keep,,approve,,,7931,2.6
2026-08-08T14:06:28.349Z,https://www.tiktok.com/@learnwithmeera/video/7671263643303939342,learnwithmeera,common phrases and what they mean,phrases,keep,,approve,,,4568,2.3
2026-08-08T14:06:28.349Z,https://www.tiktok.com/@wordy.adri/video/7652232132571565334,wordy.adri,medical equipment names,vocabulary,keep,,approve,,,6943,2.3
2026-08-08T14:06:28.349Z,https://www.tiktok.com/@wordy.adri/video/7657160713420442902,wordy.adri,three forms of irregular verbs,grammar,keep,,approve,,,6531,2.2
2026-08-08T14:06:28.349Z,https://www.tiktok.com/@wordy.adri/video/7653780068845538582,wordy.adri,names for facial features,vocabulary,keep,,approve,,,6576,2.2
2026-08-08T14:06:28.349Z,https://www.tiktok.com/@wordy.adri/video/7649855506558749974,wordy.adri,job titles for people who drive,vocabulary,keep,,approve,,,6686,2.2
2026-08-08T14:06:28.349Z,https://www.tiktok.com/@wordy.adri/video/7668053514412707094,wordy.adri,things you drink from,vocabulary,keep,,approve,,,6472,2.1
2026-08-08T14:06:28.349Z,https://www.tiktok.com/@learnwithmeera/video/7642924608722832654,learnwithmeera,irregular plurals,grammar,keep,,approve,,,3919,2
2026-08-08T14:06:28.349Z,https://www.tiktok.com/@wordy.adri/video/7667198599071010070,wordy.adri,make or do,phrases,keep,,approve,,,5464,1.8
2026-08-08T14:06:28.349Z,https://www.tiktok.com/@learnwithmeera/video/7649239194375605517,learnwithmeera,months in each season,vocabulary,keep,,approve,,,2959,1.5
2026-08-08T14:06:28.349Z,https://www.tiktok.com/@wordy.adri/video/7670050743285517590,wordy.adri,fire words,vocabulary,keep,,approve,,,4585,1.5
2026-08-08T14:06:28.349Z,https://www.tiktok.com/@wordy.adri/video/7653427730813390102,wordy.adri,types of ice cream,vocabulary,keep,,approve,,,4433,1.5
2026-08-08T14:06:28.349Z,https://www.tiktok.com/@wordy.adri/video/7649681951292509462,wordy.adri,disgusting body words,vocabulary,keep,,approve,,,4672,1.5
2026-08-08T14:06:28.349Z,https://www.tiktok.com/@wordy.adri/video/7659555770433801494,wordy.adri,cooking verbs,vocabulary,keep,,approve,,,4081,1.4
2026-08-08T14:06:28.349Z,https://www.tiktok.com/@wordy.adri/video/7654728480449432854,wordy.adri,food and drink measure words,vocabulary,keep,,approve,,,4081,1.4
2026-08-08T14:06:28.349Z,https://www.tiktok.com/@wordy.adri/video/7652628654488522007,wordy.adri,double negatives,grammar,keep,,approve,,,4173,1.4
2026-08-08T14:06:28.349Z,https://www.tiktok.com/@wordy.adri/video/7656756641676676374,wordy.adri,singular or plural verb with tricky nouns,grammar,keep,,approve,,,3885,1.3
2026-08-08T14:06:28.349Z,https://www.tiktok.com/@wordy.adri/video/7650959560936574230,wordy.adri,"unclear, no transcript or caption clue",other,keep,,approve,,,3914,1.3
2026-08-08T14:06:28.349Z,https://www.tiktok.com/@learnwithmeera/video/7640331764170362125,learnwithmeera,small quantity words for food,vocabulary,keep,,approve,,,2378,1.2
2026-08-08T14:06:28.349Z,https://www.tiktok.com/@wordy.adri/video/7671012236776934679,wordy.adri,"continents, countries and cities",vocabulary,keep,,approve,,,3744,1.2
2026-08-08T14:06:28.349Z,https://www.tiktok.com/@wordy.adri/video/7669386195377360150,wordy.adri,types of lines,vocabulary,keep,,approve,,,3701,1.2
2026-08-08T14:06:28.349Z,https://www.tiktok.com/@wordy.adri/video/7654351328268848406,wordy.adri,polite words for describing people,vocabulary,keep,,approve,,,3715,1.2
2026-08-08T14:06:28.349Z,https://www.tiktok.com/@learnwithmeera/video/7647761893368663310,learnwithmeera,casual ways to say common feelings,phrases,keep,,approve,,,2168,1.1
2026-08-08T14:06:28.349Z,https://www.tiktok.com/@learnwithmeera/video/7643820457262714125,learnwithmeera,words for different smells,vocabulary,keep,,approve,,,2094,1.1
2026-08-08T14:06:28.349Z,https://www.tiktok.com/@learnwithmeera/video/7639971320297475341,learnwithmeera,homographs,vocabulary,keep,,approve,,,2151,1.1
2026-08-08T14:06:28.349Z,https://www.tiktok.com/@wordy.adri/video/7662326950504959254,wordy.adri,tools and their verbs,vocabulary,keep,,approve,,,3222,1.1
2026-08-08T14:06:28.349Z,https://www.tiktok.com/@wordy.adri/video/7659906619140181271,wordy.adri,slang meanings of everyday words,slang,keep,,approve,,,3470,1.1
2026-08-08T14:06:28.349Z,https://www.tiktok.com/@wordy.adri/video/7654657367874850070,wordy.adri,talking about common injuries,phrases,keep,,approve,,,3315,1.1
2026-08-08T14:06:28.349Z,https://www.tiktok.com/@wordy.adri/video/7653020629335051542,wordy.adri,names of patterns on clothes,vocabulary,keep,,approve,,,3435,1.1
2026-08-08T14:06:28.349Z,https://www.tiktok.com/@learnwithmeera/video/7650357653658422542,learnwithmeera,names of common phobias,vocabulary,keep,,approve,,,1936,1
2026-08-08T14:06:28.349Z,https://www.tiktok.com/@learnwithmeera/video/7646278193271377165,learnwithmeera,natural phrases instead of basic verbs,phrases,keep,,approve,,,1953,1
2026-08-08T14:06:28.349Z,https://www.tiktok.com/@learnwithmeera/video/7645516731498122509,learnwithmeera,homonyms,vocabulary,keep,,approve,,,1849,1
2026-08-08T14:06:28.349Z,https://www.tiktok.com/@learnwithmeera/video/7643325739881827598,learnwithmeera,irregular past tense verbs,grammar,keep,,approve,,,1872,1
2026-08-08T14:06:28.349Z,https://www.tiktok.com/@wordy.adri/video/7668733361401171222,wordy.adri,parts of a house,vocabulary,keep,,approve,,,3007,1
2026-08-08T14:06:28.349Z,https://www.tiktok.com/@wordy.adri/video/7660961806646709526,wordy.adri,kitchen utensil names,vocabulary,keep,,approve,,,3058,1
2026-08-08T14:06:28.349Z,https://www.tiktok.com/@wordy.adri/video/7657859400941587734,wordy.adri,things that keep you cool,vocabulary,keep,,approve,,,3171,1
2026-08-08T14:06:28.349Z,https://www.tiktok.com/@wordy.adri/video/7657637522259840278,wordy.adri,types of snakes,vocabulary,keep,,approve,,,3127,1
2026-08-08T14:06:28.349Z,https://www.tiktok.com/@wordy.adri/video/7656423971394538774,wordy.adri,countries and their famous foods,vocabulary,keep,,approve,,,2980,1
2026-08-08T14:06:28.349Z,https://www.tiktok.com/@learnwithmeera/video/7651836433426074894,learnwithmeera,better ways to say good,phrases,keep,,approve,,,1683,0.9
2026-08-08T14:06:28.349Z,https://www.tiktok.com/@learnwithmeera/video/7645151378259692814,learnwithmeera,colour idioms,phrases,keep,,approve,,,1733,0.9
2026-08-08T14:06:28.349Z,https://www.tiktok.com/@learnwithmeera/video/7638116736830688525,learnwithmeera,ways to say thank you,phrases,keep,,approve,,,1671,0.9
2026-08-08T14:06:28.349Z,https://www.tiktok.com/@wordy.adri/video/7670643994736528662,wordy.adri,everyday items versus holiday versions,vocabulary,keep,,approve,,,2847,0.9
2026-08-08T14:06:28.349Z,https://www.tiktok.com/@wordy.adri/video/7669468774873156867,wordy.adri,similar containers and surfaces,vocabulary,keep,,approve,,,2662,0.9
2026-08-08T14:06:28.349Z,https://www.tiktok.com/@wordy.adri/video/7666869550054427926,wordy.adri,"utilities, amenities and appliances",vocabulary,keep,,approve,,,2746,0.9
2026-08-08T14:06:28.349Z,https://www.tiktok.com/@wordy.adri/video/7661266679636282646,wordy.adri,slang terms explained,slang,keep,,approve,,,2600,0.9
2026-08-08T14:06:28.349Z,https://www.tiktok.com/@wordy.adri/video/7657979146815032598,wordy.adri,similar foods and their differences,vocabulary,keep,,approve,,,2685,0.9
2026-08-08T14:06:28.349Z,https://www.tiktok.com/@learnwithmeera/video/7644724559517666573,learnwithmeera,body part idioms,phrases,keep,,approve,,,1625,0.8
2026-08-08T14:06:28.349Z,https://www.tiktok.com/@learnwithmeera/video/7641779497393605902,learnwithmeera,better words than dirty,vocabulary,keep,,approve,,,1580,0.8
2026-08-08T14:06:28.349Z,https://www.tiktok.com/@wordy.adri/video/7667578834048322838,wordy.adri,food and drink category names,vocabulary,keep,,approve,,,2347,0.8
2026-08-08T14:06:28.349Z,https://www.tiktok.com/@wordy.adri/video/7665083756855758102,wordy.adri,electrical and charging words,vocabulary,keep,,approve,,,2427,0.8
2026-08-08T14:06:28.349Z,https://www.tiktok.com/@wordy.adri/video/7650630761619393814,wordy.adri,zodiac sign names,vocabulary,keep,,approve,,,2393,0.8
2026-08-08T14:06:28.349Z,https://www.tiktok.com/@learnwithmeera/video/7637034156098194702,learnwithmeera,words for accidents,vocabulary,keep,,approve,,,1440,0.7
2026-08-08T14:06:28.349Z,https://www.tiktok.com/@wordy.adri/video/7668934059241835799,wordy.adri,coffee and tea idioms,phrases,keep,,approve,,,2030,0.7
2026-08-08T14:06:28.349Z,https://www.tiktok.com/@wordy.adri/video/7667465677468372246,wordy.adri,phrasal verbs with go,phrases,keep,,approve,,,2121,0.7
2026-08-08T14:06:28.349Z,https://www.tiktok.com/@wordy.adri/video/7667094330112347414,wordy.adri,hairstyle names,vocabulary,keep,,approve,,,1974,0.7
2026-08-08T14:06:28.349Z,https://www.tiktok.com/@wordy.adri/video/7665434736612920598,wordy.adri,pet supply words,vocabulary,keep,,approve,,,2045,0.7
2026-08-08T14:06:28.349Z,https://www.tiktok.com/@wordy.adri/video/7662448072714128662,wordy.adri,sugar vs candy,vocabulary,keep,,approve,,,2084,0.7
2026-08-08T14:06:28.349Z,https://www.tiktok.com/@wordy.adri/video/7660240083169185046,wordy.adri,where clothing names come from,vocabulary,keep,,approve,,,1966,0.7
2026-08-08T14:06:28.349Z,https://www.tiktok.com/@learnwithmeera/video/7644184940636097805,learnwithmeera,types of bags,vocabulary,keep,,approve,,,1175,0.6
2026-08-08T14:06:28.349Z,https://www.tiktok.com/@learnwithmeera/video/7635656050938481934,learnwithmeera,polite versions of rude phrases,phrases,keep,,approve,,,1095,0.6
2026-08-08T14:06:28.349Z,https://www.tiktok.com/@learnwithmeera/video/7629559690392866062,learnwithmeera,animal idioms,phrases,keep,,approve,,,1131,0.6
2026-08-08T14:06:28.349Z,https://www.tiktok.com/@learnwithmeera/video/7628812698100288782,learnwithmeera,everyday idioms and their meanings,phrases,keep,,approve,,,1111,0.6
2026-08-08T14:06:28.349Z,https://www.tiktok.com/@wordy.adri/video/7666723444192447766,wordy.adri,how things change in nature,vocabulary,keep,,approve,,,1863,0.6
2026-08-08T14:06:28.349Z,https://www.tiktok.com/@wordy.adri/video/7666476066902379798,wordy.adri,possessive pronouns,grammar,keep,,approve,,,1776,0.6
2026-08-08T14:06:28.349Z,https://www.tiktok.com/@wordy.adri/video/7666196720035826966,wordy.adri,prepositions after feeling words,grammar,keep,,approve,,,1693,0.6
2026-08-08T14:06:28.349Z,https://www.tiktok.com/@wordy.adri/video/7666098457601510678,wordy.adri,three states of water,vocabulary,keep,,approve,,,1681,0.6
2026-08-08T14:06:28.349Z,https://www.tiktok.com/@wordy.adri/video/7661333151326670102,wordy.adri,names of US coins,vocabulary,keep,,approve,,,1668,0.6
2026-08-08T14:06:28.349Z,https://www.tiktok.com/@wordy.adri/video/7660852201237056790,wordy.adri,ache vs pain,vocabulary,keep,,approve,,,1890,0.6
2026-08-08T14:06:28.349Z,https://www.tiktok.com/@learnwithmeera/video/7647366730729262350,learnwithmeera,natural phrases for everyday sentences,phrases,keep,,approve,,,1057,0.5
2026-08-08T14:06:28.349Z,https://www.tiktok.com/@learnwithmeera/video/7638497894676335886,learnwithmeera,common everyday grammar mistakes,grammar,keep,,approve,,,962,0.5
2026-08-08T14:06:28.349Z,https://www.tiktok.com/@learnwithmeera/video/7634383743603543309,learnwithmeera,confident swaps for basic replies,phrases,keep,,approve,,,882,0.5
2026-08-08T14:06:28.349Z,https://www.tiktok.com/@wordy.adri/video/7670222224426585366,wordy.adri,things around the house,vocabulary,keep,,approve,,,1631,0.5
2026-08-08T14:06:28.349Z,https://www.tiktok.com/@wordy.adri/video/7669891452482178326,wordy.adri,types of hats,vocabulary,keep,,approve,,,1654,0.5
2026-08-08T14:06:28.349Z,https://www.tiktok.com/@wordy.adri/video/7666377847140846850,wordy.adri,drawing tools and what they do,vocabulary,keep,,approve,,,1440,0.5
2026-08-08T14:06:28.349Z,https://www.tiktok.com/@wordy.adri/video/7664716625161063702,wordy.adri,animals that look alike,vocabulary,keep,,approve,,,1548,0.5
2026-08-08T14:06:28.349Z,https://www.tiktok.com/@wordy.adri/video/7664203684951100694,wordy.adri,quantifiers,grammar,keep,,approve,,,1503,0.5
2026-08-08T14:06:28.349Z,https://www.tiktok.com/@wordy.adri/video/7659116955659472150,wordy.adri,cocktail names,vocabulary,keep,,approve,,,1417,0.5
2026-08-08T14:06:28.349Z,https://www.tiktok.com/@wordy.adri/video/7658968671636786454,wordy.adri,spice names,vocabulary,keep,,approve,,,1374,0.5
2026-08-08T14:06:28.349Z,https://www.tiktok.com/@wordy.adri/video/7658706852808641814,wordy.adri,ways to say how hard it is raining,phrases,keep,,approve,,,1647,0.5
2026-08-08T14:06:28.349Z,https://www.tiktok.com/@wordy.adri/video/7658422258452483350,wordy.adri,ice cream words,vocabulary,keep,,approve,,,1493,0.5
2026-08-08T14:06:28.349Z,https://www.tiktok.com/@learnwithmeera/video/7636683680462671118,learnwithmeera,natural replies to everyday phrases,phrases,keep,,approve,,,681,0.4
2026-08-08T14:06:28.349Z,https://www.tiktok.com/@learnwithmeera/video/7635139599853047054,learnwithmeera,words for toilet in different places,vocabulary,keep,,approve,,,860,0.4
2026-08-08T14:06:28.349Z,https://www.tiktok.com/@wordy.adri/video/7670802224976563478,wordy.adri,what mental health acronyms stand for,vocabulary,keep,,approve,,,1220,0.4
2026-08-08T14:06:28.349Z,https://www.tiktok.com/@wordy.adri/video/7668427630445694230,wordy.adri,old words vs gen z slang,slang,keep,,approve,,,1092,0.4
2026-08-08T14:06:28.349Z,https://www.tiktok.com/@wordy.adri/video/7664386449218751766,wordy.adri,which preposition follows each verb,grammar,keep,,approve,,,1146,0.4
2026-08-08T14:06:28.349Z,https://www.tiktok.com/@learnwithmeera/video/7636012262729239821,learnwithmeera,what your coffee order says about you,other,keep,,approve,,,624,0.3
2026-08-08T14:06:28.349Z,https://www.tiktok.com/@learnwithmeera/video/7627659314114727182,learnwithmeera,more respectful word choices,vocabulary,keep,,approve,,,576,0.3
2026-08-08T14:06:28.349Z,https://www.tiktok.com/@wordy.adri/video/7671524088052976918,wordy.adri,rulers and the places they rule,vocabulary,keep,,approve,,,926,0.3
2026-08-08T14:06:28.349Z,https://www.tiktok.com/@wordy.adri/video/7664078610604494102,wordy.adri,types of onion,vocabulary,keep,,approve,,,931,0.3
2026-08-08T14:06:28.349Z,https://www.tiktok.com/@wordy.adri/video/7663834291926830358,wordy.adri,sea creatures,vocabulary,keep,,approve,,,1022,0.3
2026-08-08T14:06:28.349Z,https://www.tiktok.com/@wordy.adri/video/7663205098104982806,wordy.adri,naming sea animals,vocabulary,keep,,approve,,,821,0.3
2026-08-08T14:06:28.349Z,https://www.tiktok.com/@wordy.adri/video/7659284334498647318,wordy.adri,names of spirits and drinks,vocabulary,keep,,approve,,,822,0.3
2026-08-08T14:06:28.349Z,https://www.tiktok.com/@wordy.adri/video/7658044921902894359,wordy.adri,beach objects,vocabulary,keep,,approve,,,828,0.3
2026-08-08T14:06:28.349Z,https://www.tiktok.com/@learnwithmeera/video/7628475781760453901,learnwithmeera,types of shopper,vocabulary,keep,,approve,,,383,0.2
2026-08-08T14:06:28.349Z,https://www.tiktok.com/@learnwithmeera/video/7620665810926832909,learnwithmeera,which generation you belong to,other,keep,,approve,,,352,0.2
2026-08-08T14:06:28.349Z,https://www.tiktok.com/@wordy.adri/video/7664617370161351958,wordy.adri,popular dog breed names,vocabulary,keep,,approve,,,689,0.2
2026-08-08T14:06:28.349Z,https://www.tiktok.com/@learnwithmeera/video/7659054207667932429,learnwithmeera,texting abbreviations,slang,keep,,reject,oneoff,,350400,180.2
2026-08-08T14:06:28.349Z,https://www.tiktok.com/@wordy.adri/video/7650415864105192726,wordy.adri,words for family situations,vocabulary,keep,,reject,correction,Already posted under Sarah account,17300,5.7
2026-08-08T14:06:28.349Z,https://www.tiktok.com/@wordy.adri/video/7651332385639795990,wordy.adri,swear versions of normal phrases,slang,keep,,reject,oneoff,,16300,5.4
2026-08-08T14:06:28.349Z,https://www.tiktok.com/@wordy.adri/video/7652479290453265686,wordy.adri,fast speech in movie clips,phrases,keep,,reject,oneoff,,7090,2.3
2026-08-08T14:06:28.349Z,https://www.tiktok.com/@wordy.adri/video/7658597986108280086,wordy.adri,negative prefixes making opposites,vocabulary,keep,,reject,oneoff,,6223,2.1
2026-08-08T14:06:28.349Z,https://www.tiktok.com/@wordy.adri/video/7656147128644848918,wordy.adri,countries ending in land,vocabulary,keep,,reject,oneoff,,4630,1.5
2026-08-08T14:06:28.349Z,https://www.tiktok.com/@learnwithmeera/video/7646055818248473870,learnwithmeera,adverbs of frequency,grammar,keep,,reject,correction,Already posted under Sarah,2063,1.1
2026-08-08T14:06:28.349Z,https://www.tiktok.com/@wordy.adri/video/7662797544941964566,wordy.adri,tools and their verbs,vocabulary,keep,,reject,correction,I think things been posted on Sarah,3022,1
2026-08-08T14:06:28.349Z,https://www.tiktok.com/@wordy.adri/video/7663097671220989206,wordy.adri,sea animal names,vocabulary,keep,,reject,correction,Already posted under Sarah,2824,0.9
2026-08-08T14:06:28.349Z,https://www.tiktok.com/@learnwithmeera/video/7670907579052166413,learnwithmeera,advanced words with simple meanings,vocabulary,keep,,reject,oneoff,,1489,0.8
2026-08-08T14:06:28.349Z,https://www.tiktok.com/@wordy.adri/video/7661710430447979798,wordy.adri,berry names,vocabulary,keep,,reject,oneoff,,2354,0.8
2026-08-08T14:06:28.349Z,https://www.tiktok.com/@wordy.adri/video/7650217935520255254,wordy.adri,names for different sellers,vocabulary,keep,,reject,correction,Already posted under Sarah,2175,0.7
2026-08-08T14:06:28.349Z,https://www.tiktok.com/@wordy.adri/video/7670402591129390358,wordy.adri,phrases using screw,phrases,keep,,reject,oneoff,,1704,0.6
2026-08-08T14:06:28.349Z,https://www.tiktok.com/@wordy.adri/video/7665818717330083094,wordy.adri,levels of certainty,phrases,keep,,reject,correction,"We may have to figure out a way to do this. So between the 23 accounts that you’re scanning that is a lot of overlapping content. So this looks like one of those II Savi approved the same content from the other creator, and now I am seeing the same one in the list, so something we have to see. How do we filter this out to prevent duplicates from multiple creator account showing here.",1856,0.6
2026-08-08T14:06:28.349Z,https://www.tiktok.com/@learnwithmeera/video/7652602807194864910,learnwithmeera,American slang for money amounts,slang,keep,,reject,oneoff,,919,0.5
2026-08-08T14:06:28.349Z,https://www.tiktok.com/@learnwithmeera/video/7629187876743302413,learnwithmeera,names for places that make food,vocabulary,keep,,reject,correction,Already posted under Sarah,1011,0.5
2026-08-08T14:06:28.349Z,https://www.tiktok.com/@learnwithmeera/video/7624754087472532750,learnwithmeera,casual words for father,slang,keep,,reject,correction,I think things been posted on Sarah,953,0.5
2026-08-08T14:06:28.349Z,https://www.tiktok.com/@learnwithmeera/video/7630293141240696077,learnwithmeera,names of people who fix things,vocabulary,keep,,reject,oneoff,,827,0.4
2026-08-08T14:06:28.349Z,https://www.tiktok.com/@wordy.adri/video/7663544893528165654,wordy.adri,types of fish,vocabulary,keep,,reject,oneoff,,1116,0.4
2026-08-08T14:33:12.466Z,https://www.tiktok.com/@english.bay/video/7656794255960083733,english.bay,,,keep,,approve,,,,
2026-08-09T13:22:56.803Z,https://www.tiktok.com/@learnwithmeera/video/7660271040068685070,learnwithmeera,C1 vocabulary swaps,vocabulary,keep,,approve,,,150800,76.8
2026-08-09T13:22:56.803Z,https://www.tiktok.com/@englishwithevelyn/video/7647251492788833557,englishwithevelyn,stronger words for very important,vocabulary,keep,,approve,,,1600000,64.6
2026-08-09T13:22:56.803Z,https://www.tiktok.com/@learnativenglish/video/7668790436831563021,learnativenglish,adjectives meaning cannot be done,vocabulary,keep,,approve,,,382200,50.6
2026-08-09T13:22:56.803Z,https://www.tiktok.com/@learnwithmeera/video/7660147803259161870,learnwithmeera,advanced time and linking words,vocabulary,keep,,approve,,,59100,30.1
2026-08-09T13:22:56.803Z,https://www.tiktok.com/@learnativenglish/video/7653075919996833038,learnativenglish,basic sentences turned into idioms,phrases,keep,,approve,,,225700,29.9
2026-08-09T13:22:56.803Z,https://www.tiktok.com/@learnativenglish/video/7656044322038517005,learnativenglish,irregular past tense verbs,grammar,keep,,approve,,,222400,29.4
2026-08-09T13:22:56.803Z,https://www.tiktok.com/@learnwithmeera/video/7666143569970760974,learnwithmeera,natural expressions for feelings,phrases,keep,,approve,,,52700,26.8
2026-08-09T13:22:56.803Z,https://www.tiktok.com/@englishwithevelyn/video/7626618042427968788,englishwithevelyn,better answers to how are you,phrases,keep,,approve,,,662200,26.8
2026-08-09T13:22:56.803Z,https://www.tiktok.com/@learnativenglish/video/7666898988217486605,learnativenglish,dessert vs desert vs deserts,vocabulary,keep,,approve,,,135600,18
2026-08-09T13:22:56.803Z,https://www.tiktok.com/@learnativenglish/video/7670524646655020301,learnativenglish,irregular past tense verbs,grammar,keep,,approve,,,120600,16
2026-08-09T13:22:56.803Z,https://www.tiktok.com/@learnativenglish/video/7650354741444201742,learnativenglish,quit vs quite vs quiet,vocabulary,keep,,approve,,,112000,14.8
2026-08-09T13:22:56.803Z,https://www.tiktok.com/@learnativenglish/video/7650478442579774734,learnativenglish,idioms instead of basic words,phrases,keep,,approve,,,90800,12
2026-08-09T13:22:56.803Z,https://www.tiktok.com/@englishwithevelyn/video/7669566961612786964,englishwithevelyn,everyday vs every day,grammar,keep,,approve,,,294300,11.9
2026-08-09T13:22:56.803Z,https://www.tiktok.com/@englishwithevelyn/video/7649476402806344981,englishwithevelyn,contrast linkers from but to albeit,grammar,keep,,approve,,,289400,11.7
2026-08-09T13:22:56.803Z,https://www.tiktok.com/@englishwithevelyn/video/7653988873252457748,englishwithevelyn,better words for very delicious,vocabulary,keep,,approve,,,257300,10.4
2026-08-09T13:22:56.803Z,https://www.tiktok.com/@englishwithevelyn/video/7645052119338290452,englishwithevelyn,"neither, none, either in negative sentences",grammar,keep,,approve,,,214800,8.7
2026-08-09T13:22:56.803Z,https://www.tiktok.com/@learnativenglish/video/7665028265471511822,learnativenglish,times of day words,vocabulary,keep,,approve,,,65100,8.6
2026-08-09T13:22:56.803Z,https://www.tiktok.com/@learnativenglish/video/7654081284288957709,learnativenglish,irregular verbs that never change,grammar,keep,,approve,,,52000,6.9
2026-08-09T13:22:56.803Z,https://www.tiktok.com/@englishwithevelyn/video/7640239937199148309,englishwithevelyn,deprived vs depraved,vocabulary,keep,,approve,,,142400,5.8
2026-08-09T13:22:56.803Z,https://www.tiktok.com/@learnativenglish/video/7662787377772956942,learnativenglish,irregular past tense verbs,grammar,keep,,approve,,,35500,4.7
2026-08-09T13:22:56.803Z,https://www.tiktok.com/@learnativenglish/video/7665384897992772877,learnativenglish,irregular past simple verbs,grammar,keep,,approve,,,32700,4.3
2026-08-09T13:22:56.803Z,https://www.tiktok.com/@learnativenglish/video/7655519054307806477,learnativenglish,basic phrases upgraded to idioms,phrases,keep,,approve,,,25900,3.4
2026-08-09T13:22:56.803Z,https://www.tiktok.com/@englishwithevelyn/video/7641378817960873236,englishwithevelyn,decent vs descent,vocabulary,keep,,approve,,,80800,3.3
2026-08-09T13:22:56.803Z,https://www.tiktok.com/@learnativenglish/video/7651868942138445070,learnativenglish,prepositions after verbs and adjectives,grammar,keep,,approve,,,23800,3.2
2026-08-09T13:22:56.803Z,https://www.tiktok.com/@learnativenglish/video/7648976687996144909,learnativenglish,irregular past simple verbs,grammar,keep,,approve,,,22300,3
2026-08-09T13:22:56.803Z,https://www.tiktok.com/@englishwithevelyn/video/7668032433589177621,englishwithevelyn,prepositions after common adjectives,grammar,keep,,approve,,,71000,2.9
2026-08-09T13:22:56.803Z,https://www.tiktok.com/@englishwithevelyn/video/7654711845667835157,englishwithevelyn,good for you vs good on you,phrases,keep,,approve,,,66100,2.7
2026-08-09T13:22:56.803Z,https://www.tiktok.com/@englishwithevelyn/video/7642431881484750100,englishwithevelyn,prosecute vs persecute,vocabulary,keep,,approve,,,67700,2.7
2026-08-09T13:22:56.803Z,https://www.tiktok.com/@englishwithevelyn/video/7638065371903282453,englishwithevelyn,wonder vs wander,vocabulary,keep,,approve,,,66000,2.7
2026-08-09T13:22:56.803Z,https://www.tiktok.com/@learnativenglish/video/7659013059305917710,learnativenglish,their vs there vs they're,vocabulary,keep,,approve,,,16100,2.1
2026-08-09T13:22:56.803Z,https://www.tiktok.com/@englishwithevelyn/video/7644038358209023253,englishwithevelyn,when to use the with nature,grammar,keep,,approve,,,51000,2.1
2026-08-09T13:22:56.803Z,https://www.tiktok.com/@englishwithevelyn/video/7625304599410380052,englishwithevelyn,unsatisfied vs dissatisfied,vocabulary,keep,,approve,,,43800,1.8
2026-08-09T13:22:56.803Z,https://www.tiktok.com/@learnativenglish/video/7667934859276340493,learnativenglish,irregular past tense verbs,grammar,keep,,approve,,,13100,1.7
2026-08-09T13:22:56.803Z,https://www.tiktok.com/@learnativenglish/video/7656818357773110541,learnativenglish,-ed vs -ing adjectives,grammar,keep,,approve,,,12800,1.7
2026-08-09T13:22:56.803Z,https://www.tiktok.com/@learnativenglish/video/7654436752760851726,learnativenglish,than vs then vs them,vocabulary,keep,,approve,,,12600,1.7
2026-08-09T13:22:56.803Z,https://www.tiktok.com/@englishwithevelyn/video/7652099948825021716,englishwithevelyn,names for shades of colour,vocabulary,keep,,approve,,,40300,1.6
2026-08-09T13:22:56.803Z,https://www.tiktok.com/@wordy.adri/video/7671343424200559894,wordy.adri,male and female titles for rulers,vocabulary,keep,,approve,,,4556,1.5
2026-08-09T13:22:56.803Z,https://www.tiktok.com/@learnativenglish/video/7669465798020254990,learnativenglish,words for multiples one to ten,vocabulary,keep,,approve,,,11500,1.5
2026-08-09T13:22:56.803Z,https://www.tiktok.com/@learnativenglish/video/7657223312086535438,learnativenglish,is or are with tricky nouns,grammar,keep,,approve,,,10800,1.4
2026-08-09T13:22:56.803Z,https://www.tiktok.com/@englishwithevelyn/video/7626206875817757973,englishwithevelyn,moral vs morale,vocabulary,keep,,approve,,,33600,1.4
2026-08-09T13:22:56.803Z,https://www.tiktok.com/@learnativenglish/video/7657528851370626317,learnativenglish,prepositions after common verbs,grammar,keep,,approve,,,9612,1.3
2026-08-09T13:22:56.803Z,https://www.tiktok.com/@englishwithevelyn/video/7667049231110163732,englishwithevelyn,no to after gonna and wanna,phrases,keep,,approve,,,32800,1.3
2026-08-09T13:22:56.803Z,https://www.tiktok.com/@englishwithevelyn/video/7653587480905551125,englishwithevelyn,too much or too many vs a lot of,grammar,keep,,approve,,,32900,1.3
2026-08-09T13:22:56.803Z,https://www.tiktok.com/@englishwithevelyn/video/7645861609046297877,englishwithevelyn,economic vs economical,vocabulary,keep,,approve,,,31700,1.3
2026-08-09T13:22:56.803Z,https://www.tiktok.com/@englishwithevelyn/video/7623126526002842901,englishwithevelyn,precede vs proceed,vocabulary,keep,,approve,,,32700,1.3
2026-08-09T13:22:56.803Z,https://www.tiktok.com/@wordy.adri/video/7653168574743334166,wordy.adri,names for groups of animals,vocabulary,keep,,approve,,,3637,1.2
2026-08-09T13:22:56.803Z,https://www.tiktok.com/@learnativenglish/video/7660868755714608397,learnativenglish,preposition quiz,grammar,keep,,approve,,,8932,1.2
2026-08-09T13:22:56.803Z,https://www.tiktok.com/@learnativenglish/video/7651096608846728462,learnativenglish,types of ice cream,vocabulary,keep,,approve,,,8795,1.2
2026-08-09T13:22:56.803Z,https://www.tiktok.com/@englishwithevelyn/video/7666188795020053780,englishwithevelyn,present perfect vs past simple,grammar,keep,,approve,,,28600,1.2
2026-08-09T13:22:56.803Z,https://www.tiktok.com/@englishwithevelyn/video/7644325073515810069,englishwithevelyn,drive vs derive,vocabulary,keep,,approve,,,29300,1.2
2026-08-09T13:22:56.803Z,https://www.tiktok.com/@englishwithevelyn/video/7639853991689587989,englishwithevelyn,polite ways to say what,phrases,keep,,approve,,,29900,1.2
2026-08-09T13:22:56.803Z,https://www.tiktok.com/@learnativenglish/video/7663095322708561165,learnativenglish,prepositions after feelings,grammar,keep,,approve,,,8671,1.1
2026-08-09T13:22:56.803Z,https://www.tiktok.com/@englishwithevelyn/video/7671424628807552276,englishwithevelyn,"unknown, no caption or transcript",other,keep,,approve,,,28300,1.1
2026-08-09T13:22:56.803Z,https://www.tiktok.com/@englishwithevelyn/video/7648893307451362581,englishwithevelyn,historic vs historical,vocabulary,keep,,approve,,,26300,1.1
2026-08-09T13:22:56.803Z,https://www.tiktok.com/@englishwithevelyn/video/7643269944443981077,englishwithevelyn,important to do vs important to doing,grammar,keep,,approve,,,27200,1.1
2026-08-09T13:22:56.803Z,https://www.tiktok.com/@wordy.adri/video/7656018459926580502,wordy.adri,foods that change name once made,vocabulary,keep,,approve,,,3095,1
2026-08-09T13:22:56.803Z,https://www.tiktok.com/@learnativenglish/video/7659818056507575566,learnativenglish,weather vs whether,vocabulary,keep,,approve,,,7272,1
2026-08-09T13:22:56.803Z,https://www.tiktok.com/@learnativenglish/video/7656446827876683022,learnativenglish,words for food gone bad,vocabulary,keep,,approve,,,7530,1
2026-08-09T13:22:56.803Z,https://www.tiktok.com/@learnativenglish/video/7655178781870558478,learnativenglish,prepositions after feelings,grammar,keep,,approve,,,7535,1
2026-08-09T13:22:56.803Z,https://www.tiktok.com/@learnativenglish/video/7651954047972330765,learnativenglish,irregular past tense verbs,grammar,keep,,approve,,,7573,1
2026-08-09T13:22:56.803Z,https://www.tiktok.com/@englishwithevelyn/video/7661770166711209237,englishwithevelyn,no but after although or even though,grammar,keep,,approve,,,24000,1
2026-08-09T13:22:56.803Z,https://www.tiktok.com/@englishwithevelyn/video/7640993014009122068,englishwithevelyn,"yeah right is sarcastic, not agreement",phrases,keep,,approve,,,25700,1
2026-08-09T13:22:56.803Z,https://www.tiktok.com/@englishwithevelyn/video/7623889656383327508,englishwithevelyn,genius vs ingenious,vocabulary,keep,,approve,,,24300,1
2026-08-09T13:22:56.803Z,https://www.tiktok.com/@learnativenglish/video/7657560061996322061,learnativenglish,you ever becomes y'ever in fast speech,phrases,keep,,approve,,,6524,0.9
2026-08-09T13:22:56.803Z,https://www.tiktok.com/@learnativenglish/video/7651962636120100109,learnativenglish,in the blends in fast speech,phrases,keep,,approve,,,6546,0.9
2026-08-09T13:22:56.803Z,https://www.tiktok.com/@learnativenglish/video/7662415792985722125,learnativenglish,is or are with tricky nouns,grammar,keep,,approve,,,5669,0.8
2026-08-09T13:22:56.803Z,https://www.tiktok.com/@learnativenglish/video/7661673260492279054,learnativenglish,taut vs taught,vocabulary,keep,,approve,,,5979,0.8
2026-08-09T13:22:56.803Z,https://www.tiktok.com/@learnativenglish/video/7658642225072573710,learnativenglish,a little or a few,grammar,keep,,approve,,,6074,0.8
2026-08-09T13:22:56.803Z,https://www.tiktok.com/@learnativenglish/video/7655302552849812749,learnativenglish,irregular verb past and participle forms,grammar,keep,,approve,,,6187,0.8
2026-08-09T13:22:56.803Z,https://www.tiktok.com/@learnativenglish/video/7652334647661169934,learnativenglish,irregular verb past and participle forms,grammar,keep,,approve,,,6234,0.8
2026-08-09T13:22:56.803Z,https://www.tiktok.com/@learnativenglish/video/7650849310451567885,learnativenglish,used to vs be used to,grammar,keep,,approve,,,6164,0.8
2026-08-09T13:22:56.803Z,https://www.tiktok.com/@learnativenglish/video/7650269106981162254,learnativenglish,irregular verb past and participle forms,grammar,keep,,approve,,,6198,0.8
2026-08-09T13:22:56.803Z,https://www.tiktok.com/@learnativenglish/video/7649612508931656974,learnativenglish,present continuous tense,grammar,keep,,approve,,,5677,0.8
2026-08-09T13:22:56.803Z,https://www.tiktok.com/@englishwithevelyn/video/7665064186552093972,englishwithevelyn,I wish vs I hope,grammar,keep,,approve,,,20400,0.8
2026-08-09T13:22:56.803Z,https://www.tiktok.com/@englishwithevelyn/video/7651378599081037076,englishwithevelyn,"compared to, not as compared to",grammar,keep,,approve,,,19800,0.8
2026-08-09T13:22:56.803Z,https://www.tiktok.com/@englishwithevelyn/video/7644656360348536084,englishwithevelyn,prey vs pray,vocabulary,keep,,approve,,,19800,0.8
2026-08-09T13:22:56.803Z,https://www.tiktok.com/@englishwithevelyn/video/7620911709837856020,englishwithevelyn,infinitive or -ing after verbs,grammar,keep,,approve,,,19800,0.8
2026-08-09T13:22:56.803Z,https://www.tiktok.com/@learnwithmeera/video/7626233784790224141,learnwithmeera,better words than old,vocabulary,keep,,approve,,,1433,0.7
2026-08-09T13:22:56.803Z,https://www.tiktok.com/@wordy.adri/video/7671685930721234198,wordy.adri,condiment names,vocabulary,keep,,approve,,,2038,0.7
2026-08-09T13:22:56.803Z,https://www.tiktok.com/@learnativenglish/video/7669496190282648846,learnativenglish,repeating-sound expressions like willy nilly,phrases,keep,,approve,,,5403,0.7
2026-08-09T13:22:56.803Z,https://www.tiktok.com/@learnativenglish/video/7665003851862347021,learnativenglish,is or are with uncountable nouns,grammar,keep,,approve,,,5641,0.7
2026-08-09T13:22:56.803Z,https://www.tiktok.com/@learnativenglish/video/7659755518604430606,learnativenglish,is or are quiz,grammar,keep,,approve,,,5034,0.7
2026-08-09T13:22:56.803Z,https://www.tiktok.com/@learnativenglish/video/7654560650911386893,learnativenglish,stopped to vs stopped doing,grammar,keep,,approve,,,5507,0.7
2026-08-09T13:22:56.803Z,https://www.tiktok.com/@learnativenglish/video/7652209923744484622,learnativenglish,adjective to noun forms,vocabulary,keep,,approve,,,4978,0.7
2026-08-09T13:22:56.803Z,https://www.tiktok.com/@englishwithevelyn/video/7665475723330686229,englishwithevelyn,some time vs sometime,vocabulary,keep,,approve,,,18200,0.7
2026-08-09T13:22:56.803Z,https://www.tiktok.com/@englishwithevelyn/video/7651743768873454868,englishwithevelyn,"ask someone something, not from",grammar,keep,,approve,,,17600,0.7
2026-08-09T13:22:56.803Z,https://www.tiktok.com/@englishwithevelyn/video/7627905605650582805,englishwithevelyn,pricey vs priceless,vocabulary,keep,,approve,,,16100,0.7
2026-08-09T13:22:56.803Z,https://www.tiktok.com/@englishwithevelyn/video/7617672976883977493,englishwithevelyn,possessive before a gerund,grammar,keep,,approve,,,17100,0.7
2026-08-09T13:22:56.803Z,https://www.tiktok.com/@learnwithmeera/video/7624202405680336142,learnwithmeera,words meaning without something,vocabulary,keep,,approve,,,1132,0.6
2026-08-09T13:22:56.803Z,https://www.tiktok.com/@learnativenglish/video/7666868054814461197,learnativenglish,rhyming words for types of people,phrases,keep,,approve,,,4468,0.6
2026-08-09T13:22:56.803Z,https://www.tiktok.com/@learnativenglish/video/7654932398366412045,learnativenglish,pastry names,vocabulary,keep,,approve,,,4694,0.6
2026-08-09T13:22:56.803Z,https://www.tiktok.com/@englishwithevelyn/video/7666604741320920341,englishwithevelyn,don't say more with -er adjectives,grammar,keep,,approve,,,15200,0.6
2026-08-09T13:22:56.803Z,https://www.tiktok.com/@englishwithevelyn/video/7657323094809251092,englishwithevelyn,ways to say you like something,phrases,keep,,approve,,,14300,0.6
2026-08-09T13:22:56.803Z,https://www.tiktok.com/@englishwithevelyn/video/7650994386934844692,englishwithevelyn,to have plus past participle,grammar,keep,,approve,,,15800,0.6
2026-08-09T13:22:56.803Z,https://www.tiktok.com/@englishwithevelyn/video/7649247593523891476,englishwithevelyn,classic vs classical,vocabulary,keep,,approve,,,15700,0.6
2026-08-09T13:22:56.803Z,https://www.tiktok.com/@englishwithevelyn/video/7646280997062921493,englishwithevelyn,fantastic vs fantastical,vocabulary,keep,,approve,,,14300,0.6
2026-08-09T13:22:56.803Z,https://www.tiktok.com/@learnativenglish/video/7669867324534476046,learnativenglish,formal words for academic writing,vocabulary,keep,,approve,,,3800,0.5
2026-08-09T13:22:56.803Z,https://www.tiktok.com/@learnativenglish/video/7666541907576753422,learnativenglish,names of bugs and creepy crawlies,vocabulary,keep,,approve,,,3609,0.5
2026-08-09T13:22:56.803Z,https://www.tiktok.com/@learnativenglish/video/7663901592206232845,learnativenglish,forgot to do vs forgot doing,grammar,keep,,approve,,,3626,0.5
2026-08-09T13:22:56.803Z,https://www.tiktok.com/@learnativenglish/video/7657962680170335501,learnativenglish,irregular past simple verbs,grammar,keep,,approve,,,3594,0.5
2026-08-09T13:22:56.803Z,https://www.tiktok.com/@learnativenglish/video/7653323289288346894,learnativenglish,reptile names,vocabulary,keep,,approve,,,3779,0.5
2026-08-09T13:22:56.803Z,https://www.tiktok.com/@learnativenglish/video/7649983543380167950,learnativenglish,turning adjectives into nouns,vocabulary,keep,,approve,,,3659,0.5
2026-08-09T13:22:56.803Z,https://www.tiktok.com/@englishwithevelyn/video/7662850692469558549,englishwithevelyn,"present perfect after the best, the first",grammar,keep,,approve,,,12800,0.5
2026-08-09T13:22:56.803Z,https://www.tiktok.com/@englishwithevelyn/video/7662468048674180372,englishwithevelyn,suspicious vs suspect,vocabulary,keep,,approve,,,12700,0.5
2026-08-09T13:22:56.803Z,https://www.tiktok.com/@englishwithevelyn/video/7654368566556282132,englishwithevelyn,used to is only for the past,grammar,keep,,approve,,,11200,0.5
2026-08-09T13:22:56.803Z,https://www.tiktok.com/@englishwithevelyn/video/7636915969289374996,englishwithevelyn,idioms for raising pressure or standards,phrases,keep,,approve,,,11900,0.5
2026-08-09T13:22:56.803Z,https://www.tiktok.com/@englishwithevelyn/video/7619050543029505301,englishwithevelyn,confident vs confidant,vocabulary,keep,,approve,,,12700,0.5
2026-08-09T13:22:56.803Z,https://www.tiktok.com/@learnativenglish/video/7666213937712483598,learnativenglish,irregular verbs and their participles,grammar,keep,,approve,,,3061,0.4
2026-08-09T13:22:56.803Z,https://www.tiktok.com/@learnativenglish/video/7661302071156608269,learnativenglish,irregular past tense verbs,grammar,keep,,approve,,,3145,0.4
2026-08-09T13:22:56.803Z,https://www.tiktok.com/@learnativenglish/video/7660497746801052941,learnativenglish,irregular verbs and their participles,grammar,keep,,approve,,,2801,0.4
2026-08-09T13:22:56.803Z,https://www.tiktok.com/@learnativenglish/video/7658704396515167501,learnativenglish,irregular verbs and their participles,grammar,keep,,approve,,,2804,0.4
2026-08-09T13:22:56.803Z,https://www.tiktok.com/@learnativenglish/video/7657158194980080910,learnativenglish,irregular past tense verbs,grammar,keep,,approve,,,2781,0.4
2026-08-09T13:22:56.803Z,https://www.tiktok.com/@englishwithevelyn/video/7670370502342479125,englishwithevelyn,advanced negative adjectives,vocabulary,keep,,approve,,,10800,0.4
2026-08-09T13:22:56.803Z,https://www.tiktok.com/@englishwithevelyn/video/7668440593550396693,englishwithevelyn,advanced negative adjectives,vocabulary,keep,,approve,,,8985,0.4
2026-08-09T13:22:56.803Z,https://www.tiktok.com/@englishwithevelyn/video/7618222209307282709,englishwithevelyn,working hard vs hardly working,phrases,keep,,approve,,,10900,0.4
2026-08-09T13:22:56.803Z,https://www.tiktok.com/@englishwithevelyn/video/7617961621247331604,englishwithevelyn,verb form after to,grammar,keep,,approve,,,10100,0.4
2026-08-09T13:22:56.803Z,https://www.tiktok.com/@learnwithmeera/video/7628056392313654541,learnwithmeera,fun expressions native speakers use,phrases,keep,,approve,,,580,0.3
2026-08-09T13:22:56.803Z,https://www.tiktok.com/@wordy.adri/video/7671875552520981763,wordy.adri,verbs about water,vocabulary,keep,,approve,,,1063,0.3
2026-08-09T13:22:56.803Z,https://www.tiktok.com/@learnativenglish/video/7667635534616890637,learnativenglish,I went to vs I have been to,grammar,keep,,approve,,,2087,0.3
2026-08-09T13:22:56.803Z,https://www.tiktok.com/@learnativenglish/video/7663157840286190861,learnativenglish,pasta names in English,vocabulary,keep,,approve,,,2267,0.3
2026-08-09T13:22:56.803Z,https://www.tiktok.com/@learnativenglish/video/7660189731401059597,learnativenglish,remember doing vs remember to do,grammar,keep,,approve,,,1978,0.3
2026-08-09T13:22:56.803Z,https://www.tiktok.com/@learnativenglish/video/7656786721559858445,learnativenglish,site vs sight,vocabulary,keep,,approve,,,1992,0.3
2026-08-09T13:22:56.803Z,https://www.tiktok.com/@englishwithevelyn/video/7668837551590935829,englishwithevelyn,words for a gripping movie,vocabulary,keep,,approve,,,6240,0.3
2026-08-09T13:22:56.803Z,https://www.tiktok.com/@englishwithevelyn/video/7626983707735248149,englishwithevelyn,how to use if I were to,grammar,keep,,approve,,,8602,0.3
2026-08-09T13:22:56.803Z,https://www.tiktok.com/@englishwithevelyn/video/7624617121179372820,englishwithevelyn,casual ways to say normal sentences,phrases,keep,,approve,,,6587,0.3
2026-08-09T13:22:56.803Z,https://www.tiktok.com/@englishwithevelyn/video/7622000686825327893,englishwithevelyn,adapt vs adopt,vocabulary,keep,,approve,,,7379,0.3
2026-08-09T13:22:56.803Z,https://www.tiktok.com/@englishwithevelyn/video/7618623883813375253,englishwithevelyn,infinitive or -ing after verbs,grammar,keep,,approve,,,8025,0.3
2026-08-09T13:22:56.803Z,https://www.tiktok.com/@englishwithevelyn/video/7617319541881933076,englishwithevelyn,valuable vs invaluable,vocabulary,keep,,approve,,,7032,0.3
2026-08-09T13:22:56.803Z,https://www.tiktok.com/@learnativenglish/video/7663528489290583309,learnativenglish,irregular verb past and participle forms,grammar,keep,,approve,,,1583,0.2
2026-08-09T13:22:56.803Z,https://www.tiktok.com/@englishwithevelyn/video/7664120441296014612,englishwithevelyn,expressions with literal and figurative meanings,phrases,keep,,approve,,,4703,0.2
2026-08-09T13:22:56.803Z,https://www.tiktok.com/@englishwithevelyn/video/7650207548322090260,englishwithevelyn,phrasal verbs with two meanings,phrases,keep,,approve,,,4365,0.2
2026-08-09T13:22:56.803Z,https://www.tiktok.com/@englishwithevelyn/video/7623109576778370325,englishwithevelyn,unusual action verbs,vocabulary,keep,,approve,,,5816,0.2
2026-08-09T13:22:56.803Z,https://www.tiktok.com/@englishwithevelyn/video/7626064700215692565,englishwithevelyn,laughing at your mistakes helps you learn,motivation,keep,,approve,,,3389,0.1
2026-08-09T13:22:56.803Z,https://www.tiktok.com/@englishwithevelyn/video/7647648438049443092,englishwithevelyn,subject verb agreement,grammar,keep,,reject,correction,"This requires us to embed a clip that will be played out, so we should eliminate such videos. I think it kind of fall into the category of not exactly, but something on those lines.",474600,19.2
2026-08-09T13:22:56.803Z,https://www.tiktok.com/@englishwithevelyn/video/7637584943278837012,englishwithevelyn,why 'more faster' is wrong,grammar,keep,,reject,correction,"Again, this is one of those videos where a clip has to be played",303700,12.3
2026-08-09T13:22:56.803Z,https://www.tiktok.com/@englishwithevelyn/video/7640615184792407317,englishwithevelyn,subject-verb agreement with two subjects,grammar,keep,,reject,correction,Clip format,241100,9.7
2026-08-09T13:22:56.803Z,https://www.tiktok.com/@englishwithevelyn/video/7649898392595860757,englishwithevelyn,subject verb agreement with millions of,grammar,keep,,reject,correction,,174800,7.1
2026-08-09T13:22:56.803Z,https://www.tiktok.com/@englishwithevelyn/video/7659523879383190805,englishwithevelyn,third conditional if clause,grammar,keep,,reject,correction,Clip format,145200,5.9
2026-08-09T13:22:56.803Z,https://www.tiktok.com/@englishwithevelyn/video/7652558338546273556,englishwithevelyn,verb patterns after suggest,grammar,keep,,reject,correction,Clip format,108300,4.4
2026-08-09T13:22:56.803Z,https://www.tiktok.com/@englishwithevelyn/video/7645428024564927764,englishwithevelyn,C2 level vocabulary quiz,vocabulary,keep,,reject,oneoff,,89800,3.6
2026-08-09T13:22:56.803Z,https://www.tiktok.com/@englishwithevelyn/video/7658004369119481109,englishwithevelyn,word order in indirect questions,grammar,keep,,reject,correction,Clip format,57600,2.3
2026-08-09T13:22:56.803Z,https://www.tiktok.com/@learnativenglish/video/7649240985829903630,learnativenglish,names of common insects,vocabulary,keep,,reject,correction,Already posted,16500,2.2
2026-08-09T13:22:56.803Z,https://www.tiktok.com/@englishwithevelyn/video/7652834160712666388,englishwithevelyn,subjunctive after it's important that,grammar,keep,,reject,correction,Clip format,49900,2
2026-08-09T13:22:56.803Z,https://www.tiktok.com/@englishwithevelyn/video/7659860603024051477,englishwithevelyn,describing a football celebration in English,other,keep,,reject,correction,Clip format,35200,1.4
2026-08-09T13:22:56.803Z,https://www.tiktok.com/@learnativenglish/video/7668783209357872398,learnativenglish,"every, any, some and no words",vocabulary,keep,,reject,correction,Already posted,9953,1.3
2026-08-09T13:22:56.803Z,https://www.tiktok.com/@learnativenglish/video/7666496785505848589,learnativenglish,practise English in the comments,motivation,keep,,reject,oneoff,,9764,1.3
2026-08-09T13:22:56.803Z,https://www.tiktok.com/@learnativenglish/video/7664594427071040782,learnativenglish,stop scrolling and go practise,motivation,keep,,reject,correction,"Not educational, general promotional",9726,1.3
2026-08-09T13:22:56.803Z,https://www.tiktok.com/@englishwithevelyn/video/7646541998039534869,englishwithevelyn,"from a standpoint, not on a standpoint",grammar,keep,,reject,correction,Clip format,32500,1.3
2026-08-09T13:22:56.803Z,https://www.tiktok.com/@englishwithevelyn/video/7671120558888635669,englishwithevelyn,animal group names,vocabulary,keep,,reject,correction,Already posted,27700,1.1
2026-08-09T13:22:56.803Z,https://www.tiktok.com/@learnativenglish/video/7667223828132662541,learnativenglish,why you must practise speaking,motivation,keep,,reject,correction,"Not educational, general promotional",5371,0.7
2026-08-09T13:22:56.803Z,https://www.tiktok.com/@learnativenglish/video/7661982322354343182,learnativenglish,stumbling for words is part of learning,motivation,keep,,reject,correction,"Not educational, general promotional",5445,0.7
2026-08-09T13:22:56.803Z,https://www.tiktok.com/@learnwithmeera/video/7650779135589010702,learnwithmeera,texting abbreviations,vocabulary,keep,,reject,correction,Already posted,1199,0.6
2026-08-09T13:22:56.803Z,https://www.tiktok.com/@learnativenglish/video/7668754263232761102,learnativenglish,sea creature names,vocabulary,keep,,reject,correction,Already posted,4624,0.6
2026-08-09T13:22:56.803Z,https://www.tiktok.com/@englishwithevelyn/video/7619408852777454869,englishwithevelyn,I wish + past perfect for regrets,grammar,keep,,reject,correction,Clip format,14800,0.6
2026-08-09T13:22:56.803Z,https://www.tiktok.com/@englishwithevelyn/video/7664856581825203477,englishwithevelyn,connected speech in a common question,phrases,keep,,reject,oneoff,,11400,0.5
2026-08-09T13:22:56.803Z,https://www.tiktok.com/@englishwithevelyn/video/7649848223951228181,englishwithevelyn,describing a roofing job in English,other,keep,,reject,correction,Clip format,6071,0.2
2026-08-09T13:22:56.803Z,https://www.tiktok.com/@englishwithevelyn/video/7623533252183198996,englishwithevelyn,short story reading practice,other,keep,,reject,correction,Clip format,5424,0.2
2026-08-09T13:22:56.803Z,https://www.tiktok.com/@englishwithevelyn/video/7620515403181198613,englishwithevelyn,excursion vs incursion,vocabulary,keep,,reject,correction,Clip format,5302,0.2
2026-08-09T13:22:56.803Z,https://www.tiktok.com/@englishwithevelyn/video/7663591057749314837,englishwithevelyn,describing a scene on a balcony,other,keep,,reject,correction,,3395,0.1
2026-08-09T13:22:56.803Z,https://www.tiktok.com/@englishwithevelyn/video/7619793792329452821,englishwithevelyn,describing a waiter dropping a tray,other,keep,,reject,correction,Clip format,3010,0.1
